Top Score,Census Division Name,CD UID,"Largest Sub-Divisions 
(2021 population)","2021 population
(? since 2016)","2021
labour force
(? since 2016)","Susceptibility score 
by metric (rank)","Top sources of susceptibility 
(share of employment [IS, MS] or emissions [FS]) ","Number of businesses w/ workers
(number of businesses w/ 200+ workers) "
Most susceptible,"Division No.  3, N.L.",1003,"Channel-Port aux Basques (3,500)
Harbour Breton (1,500)","13,920
 (-10%)","5,860
 (-18%)","IS: Most susceptible (1st)
FS: Not susceptible (216th)
MS: Least susceptible (167th)","IS: employment in water transportation (9.2%), aquaculture (3.7%), food manufacturing (4.5%)

","Total: 585 (3)
water transportation: 1 (1)
aquaculture: 4 (0)
food manufacturing: 3 (0)"
Most susceptible,"Charlotte, N.B.",1302,"St. Stephen (4,500)
Grand Manan (2,600)","26,015
 (2%)","12,720
 (-1%)","IS: Most susceptible (2nd)
FS: Least susceptible (94th)
MS: Least susceptible (252nd)","IS: employment in aquaculture (4.8%), food manufacturing (9.6%)

","Total: 947 (8)
aquaculture: 7 (2)
food manufacturing: 17 (4)"
Most susceptible,"Division No. 16, Alta.",4816,"Wood Buffalo (72,300)
Improvement District No. 24 Wood Buffalo (700)","74,543
 (1%)","43,380
 (-5%)","IS: Most susceptible (3rd)
FS: Most susceptible (1st)
MS: Most susceptible (1st)","IS: employment in oil and gas (23.8%)
FS: facility emissions in oil and gas (95.6%), electric power generation, (4.2%)
MS: employment in oil and gas (23.7%), mining, and O&G extraction (support) (4.7%)","Total: 2012 (55)
oil and gas: 17 (12)
mining, and O&G extraction (support): 26 (4)
electric power generation,: 5 (0)"
Most susceptible,"Pierre-De Saurel, Que.",2453,"Sorel-Tracy (35,200)
Sainte-Anne-de-Sorel (2,700)","51,843
 (2%)","24,030
 (1%)","IS: Most susceptible (4th)
FS: Less susceptible (40th)
MS: Least susceptible (148th)","IS: employment in primary metal manufacturing (7.2%), food manufacturing (2.9%), truck transportation (2.2%)

","Total: 1347 (9)
primary metal manufacturing: 2 (1)
food manufacturing: 4 (0)
truck transportation: 41 (0)"
Most susceptible,"Kootenay Boundary, B.C.",5905,"Trail (7,900)
Rossland (4,100)","33,152
 (5%)","15,305
 (5%)","IS: Most susceptible (5th)
FS: Least susceptible (50th)
MS: Least susceptible (131st)","IS: employment in primary metal manufacturing (6.2%), wood product manufacturing (2.4%), truck transportation (1.2%)

","Total: 1174 (8)
primary metal manufacturing: 1 (1)
wood product manufacturing: 9 (0)
truck transportation: 24 (0)"
Most susceptible,"Carleton, N.B.",1311,"Woodstock (5,600)
Wakefield (2,700)","26,360
 (1%)","13,540
 (0%)","IS: Most susceptible (6th)
FS: Least susceptible (160th)
MS: Least susceptible (126th)","IS: employment in food manufacturing (8.1%), truck transportation (10.3%), greenhouse, nursery and (1.5%)

","Total: 1048 (7)
food manufacturing: 7 (2)
truck transportation: 126 (0)
greenhouse, nursery and: 8 (1)"
Most susceptible,"Division No. 14, Alta.",4814,"Yellowhead County (10,400)
Hinton (9,800)","28,617
 (-2%)","15,305
 (-9%)","IS: Moderately susceptible (18th)
FS: More susceptible (10th)
MS: Most susceptible (4th)","IS: employment in oil and gas (5.5%), wood product manufacturing (5.0%), truck transportation (3.4%)
FS: facility emissions in oil and gas (85.8%), pulp, paper and mfg. (7.3%)
MS: employment in oil and gas (5.3%), mining, and O&G extraction (support) (4.5%)","Total: 1734 (7)
oil and gas: 28 (1)
wood product manufacturing: 8 (1)
truck transportation: 125 (0)
mining, and O&G extraction (support): 138 (0)
pulp, paper and: 1 (1)"
Most susceptible,"Division No. 18, Alta.",4818,"Greenview No. 16 (8,600)
Valleyview (1,700)","13,226
 (-9%)","6,775
 (-13%)","IS: Moderately susceptible (29th)
FS: Most susceptible (2nd)
MS: Most susceptible (3rd)","IS: employment in oil and gas (5.4%), truck transportation (4.7%), wood product manufacturing (3.1%)
FS: facility emissions in oil and gas (85.2%), electric power generation, (13.5%)
MS: employment in mining, and O&G extraction (support) (6.4%), oil and gas (5.0%)","Total: 682 (3)
oil and gas: 14 (1)
truck transportation: 55 (0)
wood product manufacturing: 1 (0)
mining, and O&G extraction (support): 56 (0)
electric power generation,: 1 (0)"
Most susceptible,"Division No.  1, Sask.",4701,"Estevan (10,900)
Carlyle (1,500)","30,351
 (-4%)","16,495
 (-10%)","IS: Less susceptible (48th)
FS: Most susceptible (6th)
MS: Most susceptible (2nd)","
FS: facility emissions in electric power generation, (91.8%), oil and gas (6.1%)
MS: employment in mining, and O&G extraction (support) (7.3%), oil and gas (3.1%)","Total: 1670 (5)
mining, and O&G extraction (support): 136 (0)
oil and gas: 16 (1)
electric power generation,: 2 (1)"
Most susceptible,"Division No.  9, Alta.",4809,"Clearwater County (11,900)
Rocky Mountain House (6,800)","20,569
 (-1%)","10,495
 (-5%)","IS: Less susceptible (74th)
FS: More susceptible (12th)
MS: Most susceptible (6th)","
FS: facility emissions in oil and gas (98.7%)
MS: employment in mining, and O&G extraction (support) (6.8%), oil and gas (4.2%)","Total: 1001 (5)
mining, and O&G extraction (support): 79 (0)
oil and gas: 17 (0)"
Most susceptible,"Division No. 12, Alta.",4812,"Cold Lake (15,700)
Bonnyville No. 87 (12,900)","67,483
 (0%)","33,905
 (-6%)","IS: Less susceptible (99th)
FS: Most susceptible (4th)
MS: Most susceptible (5th)","
FS: facility emissions in oil and gas (99.8%)
MS: employment in oil and gas (6.0%), mining, and O&G extraction (support) (6.0%)","Total: 2832 (23)
oil and gas: 17 (4)
mining, and O&G extraction (support): 142 (2)"
Most susceptible,"Division No.  4, Alta.",4804,"Hanna (2,400)
Special Area No. 2 (1,900)","9,220
 (-4%)","4,600
 (-12%)","IS: Less susceptible (116th)
FS: Most susceptible (5th)
MS: More susceptible (14th)","
FS: facility emissions in electric power generation, (94.7%), oil and gas (5.1%)
MS: employment in oil and gas (3.5%), mining, and O&G extraction (support) (3.5%)","Total: 607 (2)
oil and gas: 5 (0)
mining, and O&G extraction (support): 27 (0)
electric power generation,: 0 (0)"
Most susceptible,"Division No.  3, Sask.",4703,"Assiniboia (2,300)
Gravelbourg (1,000)","12,262
 (-3%)","6,265
 (-9%)","IS: Least susceptible (217th)
FS: Most susceptible (3rd)
MS: Less susceptible (72nd)","
FS: facility emissions in electric power generation, (99.5%)
","Total: 763 (1)
electric power generation,: 1 (1)
coal mining: 1 (0)"
More susceptible,"Division No. 15, Man.",4615,"Neepawa (5,700)
Minnedosa (2,700)","23,304
 (9%)","11,360
 (5%)","IS: More susceptible (7th)
FS: Least susceptible (102nd)
MS: Least susceptible (185th)","IS: employment in food manufacturing (15.4%), truck transportation (1.9%)

","Total: 1004 (4)
food manufacturing: 8 (1)
truck transportation: 36 (0)"
More susceptible,"Haldimand-Norfolk, Ont.",3528,"Norfolk County (67,500)
Haldimand County (49,200)","116,872
 (6%)","56,345
 (1%)","IS: More susceptible (8th)
FS: Moderately susceptible (20th)
MS: Less susceptible (33rd)","IS: employment in primary metal manufacturing (3.0%), food manufacturing (2.6%), truck transportation (2.7%)
FS: facility emissions in iron and steel mfg. (75.2%), petroleum and coal mfg. (22.0%)
","Total: 3108 (15)
primary metal manufacturing: 4 (1)
food manufacturing: 21 (1)
truck transportation: 101 (0)
petroleum and coal: 2 (1)"
More susceptible,"Mount Waddington, B.C.",5943,"Port Hardy (3,900)
Port McNeill (2,400)","10,839
 (-2%)","5,225
 (-7%)","IS: More susceptible (9th)
FS: Not susceptible (216th)
MS: Least susceptible (254th)","IS: employment in forestry and logging (9.4%), aquaculture (1.4%), water transportation (1.2%)

","Total: 452 (2)
forestry and logging: 37 (0)
aquaculture: 1 (0)
water transportation: 9 (0)"
More susceptible,"L'Islet, Que.",2417,"L'Islet (3,800)
Saint-Jean-Port-Joli (3,300)","17,598
 (-1%)","8,560
 (-4%)","IS: More susceptible (10th)
FS: Not susceptible (216th)
MS: Least susceptible (204th)","IS: employment in wood product manufacturing (11.9%), primary metal manufacturing (1.5%), truck transportation (4.5%)

","Total: 672 (6)
wood product manufacturing: 20 (2)
primary metal manufacturing: 3 (0)
truck transportation: 28 (0)"
More susceptible,"Strathcona, B.C.",5924,"Campbell River (35,500)
Strathcona D (Oyster Bay - Buttle Lake) (4,200)","48,150
 (8%)","22,355
 (2%)","IS: More susceptible (11th)
FS: Least susceptible (78th)
MS: Least susceptible (160th)","IS: employment in aquaculture (2.4%), forestry and logging (4.0%)

","Total: 1837 (12)
aquaculture: 8 (2)
forestry and logging: 109 (0)"
More susceptible,"L'Érable, Que.",2432,"Plessisville (6,400)
Princeville (6,200)","23,534
 (0%)","12,380
 (2%)","IS: More susceptible (12th)
FS: Least susceptible (176th)
MS: Least susceptible (104th)","IS: employment in food manufacturing (6.0%), primary metal manufacturing (1.1%), truck transportation (2.7%)

","Total: 997 (4)
food manufacturing: 8 (1)
primary metal manufacturing: 5 (0)
truck transportation: 42 (0)"
More susceptible,"Algoma, Ont.",3557,"Sault Ste. Marie (72,100)
Elliot Lake (11,400)","113,777
 (0%)","50,330
 (-4%)","IS: More susceptible (13th)
FS: Moderately susceptible (22nd)
MS: Least susceptible (225th)","IS: employment in primary metal manufacturing (5.1%), wood product manufacturing (1.5%)
FS: facility emissions in iron and steel mfg. (92.9%), lime and gypsum mfg. (3.0%)
","Total: 2899 (20)
primary metal manufacturing: 4 (2)
wood product manufacturing: 13 (0)
lime and gypsum: 1 (0)"
More susceptible,"Les Sources, Que.",2440,"Val-des-Sources (7,100)
Danville (3,900)","14,623
 (2%)","6,355
 (5%)","IS: More susceptible (14th)
FS: Not susceptible (216th)
MS: Less susceptible (59th)","IS: employment in food manufacturing (3.4%), paper manufacturing (5.1%), truck transportation (3.0%)

","Total: 412 (1)
food manufacturing: 1 (0)
paper manufacturing: 1 (0)
truck transportation: 17 (0)"
More susceptible,"Division No.  2, N.L.",1002,"Marystown (5,200)
Burin (2,200)","19,392
 (-5%)","8,355
 (-7%)","IS: More susceptible (15th)
FS: Not susceptible (216th)
MS: Less susceptible (46th)","IS: employment in aquaculture (2.1%), food manufacturing (5.0%)

","Total: 952 (6)
aquaculture: 4 (1)
food manufacturing: 3 (3)"
More susceptible,"Le Rocher-Percé, Que.",2402,"Chandler (7,500)
Grande-Rivière (3,400)","17,219
 (0%)","7,770
 (2%)","IS: Moderately susceptible (21st)
FS: More susceptible (11th)
MS: Least susceptible (253rd)","IS: employment in food manufacturing (11.0%), cement and concrete mfg. (1.7%)
FS: facility emissions in cement and concrete mfg. (100.0%)
","Total: 705 (3)
food manufacturing: 10 (2)
cement and concrete: 3 (0)"
More susceptible,"Sept-Rivières--Caniapiscau, Que.",2497,"Sept-Îles (24,600)
Port-Cartier (6,500)","38,240
 (-3%)","19,275
 (-4%)","IS: Less susceptible (35th)
FS: More susceptible (15th)
MS: Least susceptible (288th)","
FS: facility emissions in metal ore mining (50.5%), alumina and aluminum mfg. (48.9%)
","Total: 1105 (20)
metal ore mining: 4 (4)
alumina and aluminum: 1 (1)"
More susceptible,"Northern Rockies, B.C.",5959,"Northern Rockies (3,900)
Fort Nelson 2 (400)","4,478
 (-17%)","2,450
 (-20%)","IS: Less susceptible (38th)
FS: More susceptible (7th)
MS: Moderately susceptible (23rd)","
FS: facility emissions in oil and gas (85.2%), electric power generation, (14.8%)
MS: employment in oil and gas (5.5%), mining, and O&G extraction (support) (1.4%)","Total: 277 (2)
oil and gas: 9 (0)
mining, and O&G extraction (support): 11 (0)
electric power generation,: 1 (1)"
More susceptible,"Oxford, Ont.",3532,"Woodstock (46,700)
Tillsonburg (18,600)","121,781
 (10%)","62,975
 (6%)","IS: Less susceptible (54th)
FS: Least susceptible (79th)
MS: More susceptible (11th)","

MS: employment in transportation equipment manufacturing (9.2%)","Total: 3828 (34)
transportation equipment manufacturing: 24 (11)"
More susceptible,"Peace River, B.C.",5955,"Fort St. John (21,500)
Dawson Creek (12,300)","61,532
 (-2%)","33,545
 (-5%)","IS: Less susceptible (70th)
FS: More susceptible (13th)
MS: More susceptible (7th)","
FS: facility emissions in oil and gas (83.2%), electric power generation, (9.2%)
MS: employment in mining, and O&G extraction (support) (5.3%), oil and gas (4.2%)","Total: 3672 (23)
mining, and O&G extraction (support): 246 (0)
oil and gas: 79 (2)
electric power generation,: 2 (0)"
More susceptible,"Richmond, N.S.",1216,"Richmond, Subd. A (3,800)
Richmond, Subd. C (3,100)","8,914
 (-1%)","3,695
 (-8%)","IS: Less susceptible (86th)
FS: More susceptible (9th)
MS: Least susceptible (128th)","
FS: facility emissions in electric power generation, (100.0%)
","Total: 297 (0)
electric power generation,: 0 (0)"
More susceptible,"Division No. 17, Sask.",4717,"Lloydminster (Part) (11,800)
Meadow Lake (5,300)","47,834
 (0%)","22,960
 (-5%)","IS: Less susceptible (98th)
FS: More susceptible (8th)
MS: More susceptible (13th)","
FS: facility emissions in oil and gas (82.6%), electric power generation, (15.5%)
MS: employment in mining, and O&G extraction (support) (4.9%), oil and gas (3.8%)","Total: 1529 (5)
mining, and O&G extraction (support): 78 (0)
oil and gas: 9 (0)
electric power generation,: 1 (0)"
More susceptible,"Division No. 19, Alta.",4819,"Grande Prairie (64,100)
Grande Prairie County No. 1 (23,800)","121,167
 (1%)","66,985
 (-3%)","IS: Less susceptible (105th)
FS: Less susceptible (39th)
MS: More susceptible (8th)","

MS: employment in mining, and O&G extraction (support) (6.8%), oil and gas (3.1%)","Total: 6786 (34)
mining, and O&G extraction (support): 425 (2)
oil and gas: 87 (3)"
More susceptible,"Division No. 13, Sask.",4713,"Kindersley (4,600)
Unity (2,500)","22,047
 (-5%)","11,510
 (-8%)","IS: Less susceptible (115th)
FS: Less susceptible (33rd)
MS: More susceptible (10th)","

MS: employment in mining, and O&G extraction (support) (6.1%), oil and gas (3.4%)","Total: 1579 (1)
mining, and O&G extraction (support): 191 (0)
oil and gas: 17 (0)"
More susceptible,"Division No.  7, Alta.",4807,"Wainwright (6,600)
Stettler (5,700)","40,684
 (-2%)","21,190
 (-6%)","IS: Least susceptible (125th)
FS: Moderately susceptible (25th)
MS: More susceptible (15th)","
FS: facility emissions in electric power generation, (67.9%), oil and gas (23.8%)
MS: employment in mining, and O&G extraction (support) (4.7%), oil and gas (2.7%)","Total: 2426 (8)
mining, and O&G extraction (support): 184 (1)
oil and gas: 19 (0)
electric power generation,: 3 (0)"
More susceptible,"East Kootenay, B.C.",5901,"Cranbrook (20,500)
Kimberley (8,100)","65,896
 (9%)","34,125
 (6%)","IS: Least susceptible (129th)
FS: Moderately susceptible (24th)
MS: More susceptible (9th)","
FS: facility emissions in coal mining (81.6%), pipeline transportation of (15.8%)
MS: employment in coal mining (7.8%), oil and gas (1.1%)","Total: 2777 (16)
coal mining: 3 (3)
oil and gas: 0 (0)
pipeline transportation of: 1 (0)"
More susceptible,"Essex, Ont.",3537,"Windsor (229,700)
Lakeshore (40,400)","422,860
 (6%)","203,695
 (4%)","IS: Least susceptible (135th)
FS: Least susceptible (108th)
MS: More susceptible (12th)","

MS: employment in transportation equipment manufacturing (8.1%)","Total: 11558 (112)
transportation equipment manufacturing: 66 (15)"
More susceptible,"Restigouche, N.B.",1314,"Campbellton (7,000)
Atholville (3,300)","30,700
 (-1%)","13,780
 (-4%)","IS: Least susceptible (144th)
FS: More susceptible (14th)
MS: Least susceptible (286th)","
FS: facility emissions in electric power generation, (99.0%)
","Total: 1028 (8)
electric power generation,: 3 (0)"
Moderately susceptible,"Témiscouata, Que.",2413,"Témiscouata-sur-le-Lac (5,100)
Dégelis (2,900)","19,492
 (0%)","8,610
 (-5%)","IS: Moderately susceptible (16th)
FS: Least susceptible (155th)
MS: Least susceptible (282nd)","IS: employment in wood product manufacturing (7.5%), food manufacturing (2.3%), truck transportation (3.4%)

","Total: 941 (4)
wood product manufacturing: 21 (0)
food manufacturing: 3 (0)
truck transportation: 51 (0)"
Moderately susceptible,"Shelburne, N.S.",1201,"Barrington (6,500)
Shelburne (4,300)","13,704
 (-2%)","6,695
 (-5%)","IS: Moderately susceptible (17th)
FS: Not susceptible (216th)
MS: Less susceptible (39th)","IS: employment in food manufacturing (12.2%), transportation equipment manufacturing (3.8%)

","Total: 901 (4)
food manufacturing: 19 (1)
transportation equipment manufacturing: 20 (1)"
Moderately susceptible,"Le Granit, Que.",2430,"Lac-Mégantic (5,700)
Frontenac (1,800)","21,948
 (2%)","10,510
 (0%)","IS: Moderately susceptible (19th)
FS: Least susceptible (182nd)
MS: Least susceptible (228th)","IS: employment in wood product manufacturing (10.0%), non-metallic mineral product mfg. (3.3%), food manufacturing (2.1%)

","Total: 917 (5)
wood product manufacturing: 28 (2)
non-metallic mineral product: 10 (0)
food manufacturing: 5 (0)"
Moderately susceptible,"Acton, Que.",2448,"Acton Vale (7,600)
Upton (2,000)","15,654
 (0%)","8,070
 (3%)","IS: Moderately susceptible (20th)
FS: Not susceptible (216th)
MS: Less susceptible (40th)","IS: employment in food manufacturing (6.1%), truck transportation (3.5%), chemical manufacturing (1.8%)

","Total: 475 (2)
food manufacturing: 5 (0)
truck transportation: 17 (0)
chemical manufacturing: 5 (0)"
Moderately susceptible,"Division No.  7, N.L.",1007,"Clarenville (6,700)
Bonavista (3,200)","33,044
 (-3%)","14,075
 (-10%)","IS: Moderately susceptible (22nd)
FS: Not susceptible (216th)
MS: Less susceptible (69th)","IS: employment in food manufacturing (8.1%)

","Total: 1332 (8)
food manufacturing: 14 (4)"
Moderately susceptible,"Lotbinière, Que.",2433,"Saint-Apollinaire (8,000)
Saint-Agapit (4,500)","34,586
 (9%)","18,850
 (7%)","IS: Moderately susceptible (23rd)
FS: Least susceptible (179th)
MS: Least susceptible (170th)","IS: employment in food manufacturing (3.2%), primary metal manufacturing (1.0%), truck transportation (3.2%)

","Total: 1307 (4)
food manufacturing: 11 (1)
primary metal manufacturing: 1 (1)
truck transportation: 77 (0)"
Moderately susceptible,"Bellechasse, Que.",2419,"Saint-Henri (5,800)
Saint-Anselme (4,000)","38,000
 (2%)","19,910
 (0%)","IS: Moderately susceptible (24th)
FS: Least susceptible (171st)
MS: Less susceptible (83rd)","IS: employment in food manufacturing (5.4%), truck transportation (3.0%)

","Total: 1476 (6)
food manufacturing: 15 (3)
truck transportation: 73 (0)"
Moderately susceptible,"Division No. 23, Man.",4623,"Gillam (1,000)
Churchill (900)","4,690
 (-48%)","1,795
 (-44%)","IS: Moderately susceptible (25th)
FS: Not susceptible (216th)
MS: Not susceptible (290th)","IS: employment in fossil-fuel electric power (11.1%), water, sewage and (1.7%)

","Total: 92 (0)
fossil-fuel electric power: NA
water, sewage and: 0 (0)"
Moderately susceptible,"Bécancour, Que.",2438,"Bécancour (13,600)
Saint-Pierre-les-Becquets (1,200)","20,748
 (2%)","10,345
 (5%)","IS: Moderately susceptible (26th)
FS: Moderately susceptible (17th)
MS: Least susceptible (116th)","IS: employment in alumina and aluminum mfg. (2.5%), truck transportation (2.8%), food manufacturing (1.8%)
FS: facility emissions in alumina and aluminum mfg. (66.2%), iron and steel mfg. (13.4%)
","Total: 724 (4)
alumina and aluminum: 2 (1)
truck transportation: 34 (0)
food manufacturing: 8 (0)
primary metal manufacturing: 4 (1)"
Moderately susceptible,"Kent, N.B.",1308,"Dundas (4,300)
Wellington (3,300)","32,169
 (6%)","15,415
 (2%)","IS: Moderately susceptible (27th)
FS: Not susceptible (216th)
MS: Least susceptible (232nd)","IS: employment in food manufacturing (5.3%), truck transportation (2.9%)

","Total: 1149 (3)
food manufacturing: 8 (1)
truck transportation: 34 (0)"
Moderately susceptible,"Rivière-du-Loup, Que.",2412,"Rivière-du-Loup (20,100)
Saint-Antonin (4,300)","35,338
 (4%)","17,670
 (2%)","IS: Moderately susceptible (28th)
FS: Not susceptible (216th)
MS: Least susceptible (250th)","IS: employment in food manufacturing (2.7%), truck transportation (3.4%), wood product manufacturing (3.0%)

","Total: 1488 (10)
food manufacturing: 8 (1)
truck transportation: 76 (0)
wood product manufacturing: 11 (1)"
Moderately susceptible,"Prince, P.E.I.",1103,"Summerside (16,000)
Kensington, Part 1 (3,100)","46,234
 (5%)","24,775
 (5%)","IS: Moderately susceptible (30th)
FS: Least susceptible (125th)
MS: Less susceptible (74th)","IS: employment in food manufacturing (8.7%), truck transportation (1.4%)

","Total: 1776 (13)
food manufacturing: 30 (2)
truck transportation: 36 (0)"
Moderately susceptible,"Lambton, Ont.",3538,"Sarnia (72,000)
St. Clair (14,700)","128,154
 (1%)","59,650
 (-3%)","IS: Less susceptible (33rd)
FS: Moderately susceptible (16th)
MS: Moderately susceptible (22nd)","
FS: facility emissions in electric power generation, (31.9%), petroleum and coal mfg. (29.7%)
MS: employment in chemical manufacturing (3.1%), petroleum and coal mfg. (2.0%)","Total: 3382 (28)
chemical manufacturing: 25 (3)
petroleum and coal: 6 (3)
electric power generation,: 4 (0)"
Moderately susceptible,"Division No. 13, Alta.",4813,"Lac Ste. Anne County (10,800)
Whitecourt (9,900)","68,076
 (-4%)","34,595
 (-10%)","IS: Less susceptible (42nd)
FS: Least susceptible (70th)
MS: Moderately susceptible (21st)","

MS: employment in mining, and O&G extraction (support) (3.4%), oil and gas (2.9%)","Total: 3181 (19)
mining, and O&G extraction (support): 128 (0)
oil and gas: 28 (1)"
Moderately susceptible,"Division No. 17, Alta.",4817,"Mackenzie County (12,800)
Slave Lake (6,800)","62,132
 (1%)","27,135
 (-4%)","IS: Less susceptible (44th)
FS: Moderately susceptible (29th)
MS: Moderately susceptible (28th)","
FS: facility emissions in oil and gas (60.1%), electric power generation, (23.2%)
MS: employment in mining, and O&G extraction (support) (3.4%), oil and gas (2.0%)","Total: 2956 (23)
mining, and O&G extraction (support): 171 (2)
oil and gas: 27 (0)
electric power generation,: 1 (0)"
Moderately susceptible,"Argenteuil, Que.",2476,"Lachute (14,100)
Brownsburg-Chatham (7,200)","34,752
 (7%)","16,255
 (6%)","IS: Less susceptible (76th)
FS: Least susceptible (86th)
MS: Moderately susceptible (29th)","

MS: employment in chemical manufacturing (2.2%), transportation equipment manufacturing (1.8%)","Total: 858 (2)
chemical manufacturing: 3 (1)
transportation equipment manufacturing: 0 (0)"
Moderately susceptible,"Le Val-Saint-François, Que.",2442,"Windsor (5,300)
Saint-Denis-de-Brompton (4,600)","31,551
 (3%)","16,015
 (4%)","IS: Less susceptible (85th)
FS: Least susceptible (87th)
MS: Moderately susceptible (24th)","

MS: employment in transportation equipment manufacturing (6.4%)","Total: 945 (6)
transportation equipment manufacturing: 7 (1)"
Moderately susceptible,"Division No.  2, Sask.",4702,"Weyburn (11,000)
Weyburn No. 67 (1,100)","22,497
 (-1%)","11,965
 (-5%)","IS: Less susceptible (102nd)
FS: Least susceptible (66th)
MS: Moderately susceptible (16th)","

MS: employment in mining, and O&G extraction (support) (4.6%), oil and gas (2.8%)","Total: 1049 (3)
mining, and O&G extraction (support): 45 (0)
oil and gas: 9 (0)"
Moderately susceptible,"Saint John, N.B.",1301,"Saint John (69,900)
Simonds (3,900)","76,558
 (3%)","38,590
 (3%)","IS: Less susceptible (104th)
FS: Moderately susceptible (18th)
MS: Least susceptible (122nd)","
FS: facility emissions in petroleum and coal mfg. (74.1%), electric power generation, (18.8%)
","Total: 2549 (41)
petroleum and coal: 4 (1)
electric power generation,: 5 (0)"
Moderately susceptible,"Division No. 10, Alta.",4810,"Lloydminster (Part) (19,700)
Camrose (18,800)","95,455
 (-2%)","48,900
 (-7%)","IS: Less susceptible (107th)
FS: Least susceptible (119th)
MS: Moderately susceptible (19th)","

MS: employment in mining, and O&G extraction (support) (4.1%), oil and gas (3.0%)","Total: 4462 (22)
mining, and O&G extraction (support): 176 (1)
oil and gas: 22 (0)"
Moderately susceptible,"Perth, Ont.",3531,"Stratford (33,200)
North Perth (15,500)","81,565
 (6%)","43,535
 (2%)","IS: Less susceptible (113th)
FS: Least susceptible (73rd)
MS: Moderately susceptible (26th)","

MS: employment in transportation equipment manufacturing (6.1%)","Total: 2832 (26)
transportation equipment manufacturing: 11 (4)"
Moderately susceptible,"Division No.  6, Man.",4606,"Virden (3,100)
Wallace-Woodworth (2,700)","9,906
 (-4%)","4,745
 (-12%)","IS: Less susceptible (114th)
FS: Less susceptible (47th)
MS: Moderately susceptible (17th)","

MS: employment in oil and gas (4.2%), mining, and O&G extraction (support) (3.4%)","Total: 531 (1)
oil and gas: 10 (0)
mining, and O&G extraction (support): 20 (0)"
Moderately susceptible,"Elgin, Ont.",3534,"St. Thomas (42,800)
Central Elgin (13,700)","94,752
 (6%)","46,985
 (5%)","IS: Less susceptible (119th)
FS: Least susceptible (112th)
MS: Moderately susceptible (20th)","

MS: employment in transportation equipment manufacturing (7.3%)","Total: 2593 (13)
transportation equipment manufacturing: 16 (3)"
Moderately susceptible,"Region 2, N.W.T.",6102,"Norman Wells (700)
Déline (600)","2,259
 (-7%)","1,145
 (-13%)","IS: Less susceptible (122nd)
FS: Moderately susceptible (30th)
MS: Least susceptible (98th)","
FS: facility emissions in oil and gas (100.0%)
","Total: 107 (0)
oil and gas: 0 (0)"
Moderately susceptible,"Division No.  8, Alta.",4808,"Red Deer (100,800)
Red Deer County (19,900)","213,470
 (2%)","111,455
 (-5%)","IS: Least susceptible (139th)
FS: Less susceptible (41st)
MS: Moderately susceptible (18th)","

MS: employment in mining, and O&G extraction (support) (4.7%), oil and gas (1.8%)","Total: 8247 (46)
mining, and O&G extraction (support): 287 (4)
oil and gas: 44 (0)"
Moderately susceptible,"Wellington, Ont.",3523,"Guelph (143,700)
Centre Wellington (31,100)","241,026
 (8%)","132,295
 (5%)","IS: Least susceptible (149th)
FS: Least susceptible (173rd)
MS: Moderately susceptible (25th)","

MS: employment in transportation equipment manufacturing (6.1%)","Total: 7812 (81)
transportation equipment manufacturing: 58 (23)"
Moderately susceptible,"Kivalliq, Nvt.",6205,"Rankin Inlet (3,000)
Arviat (2,900)","11,045
 (6%)","4,120
 (-10%)","IS: Least susceptible (160th)
FS: Moderately susceptible (19th)
MS: Least susceptible (135th)","
FS: facility emissions in metal ore mining (100.0%)
","Total: 148 (3)
metal ore mining: 2 (2)"
Moderately susceptible,"Division No. 10, N.L.",1010,"Happy Valley-Goose Bay (8,000)
Labrador City (7,400)","24,332
 (-1%)","13,320
 (0%)","IS: Least susceptible (161st)
FS: Moderately susceptible (21st)
MS: Least susceptible (114th)","
FS: facility emissions in metal ore mining (98.4%), defence services (1.6%)
","Total: 796 (13)
metal ore mining: 3 (3)
defence services: 0 (0)"
Moderately susceptible,"La Vallée-de-l'Or, Que.",2489,"Val-d'Or (32,800)
Malartic (3,400)","43,347
 (0%)","22,365
 (0%)","IS: Least susceptible (175th)
FS: Least susceptible (85th)
MS: Moderately susceptible (30th)","

MS: employment in mining, and O&G extraction (support) (4.7%)","Total: 1434 (13)
mining, and O&G extraction (support): 39 (3)"
Moderately susceptible,"Division No.  1, Alta.",4801,"Medicine Hat (63,300)
Cypress County (7,500)","82,513
 (0%)","41,035
 (-4%)","IS: Least susceptible (188th)
FS: Moderately susceptible (28th)
MS: Moderately susceptible (27th)","
FS: facility emissions in pesticide, fertilizer and mfg. (43.8%), electric power generation, (18.6%)
MS: employment in mining, and O&G extraction (support) (2.9%), oil and gas (1.7%)","Total: 3266 (21)
mining, and O&G extraction (support): 97 (2)
oil and gas: 17 (0)
pesticide, fertilizer and: 3 (0)
electric power generation,: 3 (1)"
Moderately susceptible,"Division No.  8, Sask.",4708,"Swift Current (16,800)
Swift Current No. 137 (2,000)","30,840
 (0%)","16,270
 (-3%)","IS: Least susceptible (222nd)
FS: Moderately susceptible (27th)
MS: Less susceptible (42nd)","
FS: facility emissions in electric power generation, (90.1%), oil and gas (8.2%)
","Total: 1786 (4)
electric power generation,: 0 (0)
oil and gas: 13 (0)"
Moderately susceptible,"Cape Breton, N.S.",1217,"Cape Breton (93,700)
Eskasoni 3 (3,500)","98,318
 (0%)","43,095
 (-2%)","IS: Least susceptible (233rd)
FS: Moderately susceptible (23rd)
MS: Least susceptible (186th)","
FS: facility emissions in electric power generation, (95.0%), coal mining (5.0%)
","Total: 2580 (22)
electric power generation,: 2 (0)
coal mining: 0 (0)"
Moderately susceptible,"Division No. 15, Alta.",4815,"Canmore (16,000)
Banff (8,300)","37,735
 (-2%)","21,170
 (2%)","IS: Least susceptible (279th)
FS: Moderately susceptible (26th)
MS: Less susceptible (56th)","
FS: facility emissions in cement and concrete mfg. (74.3%), other non-metallic mineral mfg. (10.6%)
","Total: 1964 (24)
cement and concrete: 2 (0)
other non-metallic mineral: 1 (0)"
Less susceptible,"Les Etchemins, Que.",2428,"Lac-Etchemin (4,000)
Saint-Prosper (3,600)","16,927
 (2%)","7,925
 (4%)","IS: Less susceptible (31st)
FS: Not susceptible (216th)
MS: Least susceptible (138th)",,
Less susceptible,"La Matapédia, Que.",2407,"Amqui (6,000)
Causapscal (2,100)","17,592
 (-2%)","7,730
 (-6%)","IS: Less susceptible (32nd)
FS: Least susceptible (156th)
MS: Least susceptible (280th)",,
Less susceptible,"Communauté maritime des Îles-de-la-Madeleine, Que.",2401,"Les Îles-de-la-Madeleine (12,200)
Grosse-Île (500)","12,654
 (1%)","6,715
 (0%)","IS: Less susceptible (34th)
FS: Least susceptible (65th)
MS: Least susceptible (263rd)",,
Less susceptible,"Maria-Chapdelaine, Que.",2492,"Dolbeau-Mistassini (13,700)
Normandin (3,000)","24,149
 (-3%)","11,495
 (1%)","IS: Less susceptible (36th)
FS: Least susceptible (181st)
MS: Least susceptible (273rd)",,
Less susceptible,"Drummond, Que.",2449,"Drummondville (79,300)
Saint-Germain-de-Grantham (4,900)","107,967
 (4%)","55,200
 (4%)","IS: Less susceptible (37th)
FS: Least susceptible (132nd)
MS: Less susceptible (48th)",,
Less susceptible,"La Tuque, Que.",2490,"La Tuque (11,100)
Obedjiwan 28 (2,000)","15,038
 (0%)","6,220
 (1%)","IS: Less susceptible (39th)
FS: Less susceptible (46th)
MS: Not susceptible (290th)",,
Less susceptible,"Les Basques, Que.",2411,"Trois-Pistoles (3,100)
Saint-Jean-de-Dieu (1,700)","8,873
 (2%)","3,905
 (3%)","IS: Less susceptible (40th)
FS: Not susceptible (216th)
MS: Least susceptible (180th)",,
Less susceptible,"Digby, N.S.",1203,"Clare (7,700)
Digby (7,200)","17,062
 (-2%)","7,580
 (-10%)","IS: Less susceptible (41st)
FS: Not susceptible (216th)
MS: Less susceptible (63rd)",,
Less susceptible,"Les Maskoutains, Que.",2454,"Saint-Hyacinthe (57,200)
Saint-Pie (5,800)","89,432
 (3%)","46,990
 (3%)","IS: Less susceptible (43rd)
FS: Least susceptible (199th)
MS: Least susceptible (161st)",,
Less susceptible,"Bulkley-Nechako, B.C.",5951,"Bulkley-Nechako A (5,600)
Smithers (5,400)","37,737
 (0%)","19,055
 (-6%)","IS: Less susceptible (45th)
FS: Least susceptible (114th)
MS: Least susceptible (166th)",,
Less susceptible,"Kings, P.E.I.",1101,"Three Rivers (7,900)
Souris (1,800)","18,327
 (7%)","9,430
 (0%)","IS: Less susceptible (46th)
FS: Not susceptible (216th)
MS: Least susceptible (262nd)",,
Less susceptible,"Powell River, B.C.",5927,"Powell River (13,900)
qathet C (2,200)","21,496
 (7%)","9,275
 (4%)","IS: Less susceptible (47th)
FS: Least susceptible (116th)
MS: Least susceptible (244th)",,
Less susceptible,"Témiscamingue, Que.",2485,"Ville-Marie (2,500)
Témiscaming (2,400)","16,132
 (1%)","7,550
 (-1%)","IS: Less susceptible (49th)
FS: Least susceptible (54th)
MS: Less susceptible (50th)",,
Less susceptible,"Lac-Saint-Jean-Est, Que.",2493,"Alma (30,300)
Métabetchouan--Lac-à-la-Croix (4,100)","52,475
 (0%)","25,475
 (1%)","IS: Less susceptible (50th)
FS: Less susceptible (45th)
MS: Least susceptible (256th)",,
Less susceptible,"Montmagny, Que.",2418,"Montmagny (11,000)
Cap-Saint-Ignace (3,100)","22,481
 (-1%)","10,795
 (-2%)","IS: Less susceptible (51st)
FS: Not susceptible (216th)
MS: Least susceptible (208th)",,
Less susceptible,"Coaticook, Que.",2444,"Coaticook (8,900)
Compton (3,300)","18,906
 (2%)","9,840
 (0%)","IS: Less susceptible (52nd)
FS: Least susceptible (133rd)
MS: Least susceptible (231st)",,
Less susceptible,"La Nouvelle-Beauce, Que.",2426,"Sainte-Marie (13,100)
Saint-Lambert-de-Lauzon (6,800)","37,988
 (3%)","21,205
 (3%)","IS: Less susceptible (53rd)
FS: Least susceptible (198th)
MS: Least susceptible (174th)",,
Less susceptible,"Nicolet-Yamaska, Que.",2450,"Nicolet (8,600)
Saint-Léonard-d'Aston (2,500)","23,848
 (3%)","11,910
 (3%)","IS: Less susceptible (55th)
FS: Least susceptible (107th)
MS: Least susceptible (90th)",,
Less susceptible,"Robert-Cliche, Que.",2427,"Beauceville (6,200)
Saint-Joseph-de-Beauce (5,000)","19,253
 (1%)","10,180
 (3%)","IS: Less susceptible (56th)
FS: Least susceptible (175th)
MS: Less susceptible (71st)",,
Less susceptible,"La Mitis, Que.",2409,"Mont-Joli (6,400)
Sainte-Luce (2,800)","18,363
 (1%)","7,920
 (-4%)","IS: Less susceptible (57th)
FS: Not susceptible (216th)
MS: Least susceptible (267th)",,
Less susceptible,"Kitimat-Stikine, B.C.",5949,"Terrace (12,000)
Kitimat (8,200)","37,790
 (1%)","18,835
 (-3%)","IS: Less susceptible (58th)
FS: Less susceptible (44th)
MS: Least susceptible (159th)",,
Less susceptible,"Rouville, Que.",2455,"Marieville (11,300)
Saint-Césaire (6,000)","37,889
 (4%)","20,850
 (3%)","IS: Less susceptible (59th)
FS: Least susceptible (159th)
MS: Least susceptible (105th)",,
Less susceptible,"Division No.  8, N.L.",1008,"Lewisporte (3,300)
Springdale (3,000)","33,940
 (-5%)","13,525
 (-10%)","IS: Less susceptible (60th)
FS: Not susceptible (216th)
MS: Less susceptible (32nd)",,
Less susceptible,"Division No.  2, Alta.",4802,"Lethbridge (98,400)
Brooks (14,900)","178,513
 (5%)","89,190
 (1%)","IS: Less susceptible (61st)
FS: Least susceptible (118th)
MS: Less susceptible (61st)",,
Less susceptible,"Portneuf, Que.",2434,"Saint-Raymond (11,100)
Pont-Rouge (10,100)","55,523
 (5%)","27,940
 (3%)","IS: Less susceptible (62nd)
FS: Less susceptible (37th)
MS: Least susceptible (234th)",,
Less susceptible,"Victoria, N.B.",1312,"Grand Falls / Grand-Sault (5,200)
Drummond (2,100)","18,312
 (-2%)","8,345
 (-5%)","IS: Less susceptible (63rd)
FS: Not susceptible (216th)
MS: Least susceptible (217th)",,
Less susceptible,"La Matanie, Que.",2408,"Matane (14,000)
Saint-Ulric (1,600)","20,883
 (-2%)","9,470
 (-5%)","IS: Less susceptible (64th)
FS: Not susceptible (216th)
MS: Least susceptible (175th)",,
Less susceptible,"Les Appalaches, Que.",2431,"Thetford Mines (26,100)
Adstock (2,900)","43,412
 (2%)","19,990
 (2%)","IS: Less susceptible (65th)
FS: Least susceptible (185th)
MS: Least susceptible (189th)",,
Less susceptible,"Le Haut-Saint-Laurent, Que.",2469,"Ormstown (3,900)
Saint-Anicet (2,800)","22,213
 (-1%)","10,910
 (2%)","IS: Less susceptible (66th)
FS: Not susceptible (216th)
MS: Least susceptible (173rd)",,
Less susceptible,"Maskinongé, Que.",2451,"Louiseville (7,300)
Saint-Boniface (5,200)","37,292
 (3%)","17,685
 (1%)","IS: Less susceptible (67th)
FS: Least susceptible (104th)
MS: Least susceptible (183rd)",,
Less susceptible,"Cariboo, B.C.",5941,"Williams Lake (10,900)
Quesnel (9,900)","62,931
 (2%)","28,590
 (-8%)","IS: Less susceptible (68th)
FS: Least susceptible (83rd)
MS: Least susceptible (210th)",,
Less susceptible,"Kings, N.B.",1305,"Quispamsis (18,800)
Rothesay (12,000)","71,184
 (3%)","36,355
 (2%)","IS: Less susceptible (69th)
FS: Least susceptible (153rd)
MS: Least susceptible (84th)",,
Less susceptible,"Madawaska, N.B.",1313,"Edmundston (16,400)
Haut-Madawaska (3,700)","32,603
 (0%)","15,425
 (-5%)","IS: Less susceptible (71st)
FS: Least susceptible (103rd)
MS: Least susceptible (284th)",,
Less susceptible,"Division No.  2, Man.",4602,"Steinbach (17,800)
Hanover (17,200)","83,878
 (11%)","42,670
 (8%)","IS: Less susceptible (72nd)
FS: Least susceptible (205th)
MS: Least susceptible (158th)",,
Less susceptible,"Division No.  8, Man.",4608,"North Norfolk (3,900)
WestLake-Gladstone (3,300)","13,877
 (-1%)","5,375
 (-4%)","IS: Less susceptible (73rd)
FS: Not susceptible (216th)
MS: Least susceptible (275th)",,
Less susceptible,"Le Haut-Saint-François, Que.",2441,"Cookshire-Eaton (5,300)
East Angus (3,800)","22,926
 (3%)","11,360
 (4%)","IS: Less susceptible (75th)
FS: Least susceptible (62nd)
MS: Least susceptible (193rd)",,
Less susceptible,"Arthabaska, Que.",2439,"Victoriaville (47,800)
Warwick (4,700)","74,348
 (3%)","37,320
 (2%)","IS: Less susceptible (77th)
FS: Least susceptible (120th)
MS: Least susceptible (141st)",,
Less susceptible,"Division No.  9, Man.",4609,"Portage la Prairie (13,300)
Portage la Prairie (6,900)","24,339
 (0%)","11,205
 (0%)","IS: Less susceptible (78th)
FS: Least susceptible (84th)
MS: Least susceptible (272nd)",,
Less susceptible,"Les Jardins-de-Napierville, Que.",2468,"Saint-Rémi (9,000)
Napierville (4,000)","30,339
 (9%)","16,030
 (5%)","IS: Less susceptible (79th)
FS: Not susceptible (216th)
MS: Least susceptible (87th)",,
Less susceptible,"Manicouagan, Que.",2496,"Baie-Comeau (20,700)
Pessamit (2,400)","30,158
 (-3%)","14,520
 (-3%)","IS: Less susceptible (80th)
FS: Less susceptible (42nd)
MS: Least susceptible (289th)",,
Less susceptible,"Kamouraska, Que.",2414,"La Pocatière (4,100)
Saint-Pascal (3,500)","21,307
 (1%)","10,185
 (2%)","IS: Less susceptible (81st)
FS: Not susceptible (216th)
MS: Less susceptible (68th)",,
Less susceptible,"Brant, Ont.",3529,"Brantford (104,700)
Brant (39,500)","144,771
 (7%)","73,510
 (5%)","IS: Less susceptible (82nd)
FS: Least susceptible (143rd)
MS: Less susceptible (45th)",,
Less susceptible,"Cumberland, N.S.",1211,"Amherst (9,400)
Cumberland, Subd. B (6,800)","30,538
 (2%)","13,010
 (-5%)","IS: Less susceptible (83rd)
FS: Not susceptible (216th)
MS: Least susceptible (101st)",,
Less susceptible,"Division No.  3, Man.",4603,"Winkler (13,700)
Morden (9,900)","57,363
 (5%)","27,665
 (1%)","IS: Less susceptible (84th)
FS: Least susceptible (146th)
MS: Less susceptible (53rd)",,
Less susceptible,"Guysborough, N.S.",1213,"Guysborough (4,600)
St. Mary's (2,200)","7,373
 (-3%)","3,095
 (-8%)","IS: Less susceptible (87th)
FS: Not susceptible (216th)
MS: Least susceptible (125th)",,
Less susceptible,"Le Domaine-du-Roy, Que.",2491,"Saint-Félicien (10,100)
Roberval (9,800)","31,095
 (-1%)","14,505
 (0%)","IS: Less susceptible (88th)
FS: Least susceptible (101st)
MS: Least susceptible (266th)",,
Less susceptible,"D'Autray, Que.",2452,"Lavaltrie (14,400)
Lanoraie (5,100)","44,080
 (4%)","22,075
 (5%)","IS: Less susceptible (89th)
FS: Least susceptible (189th)
MS: Least susceptible (163rd)",,
Less susceptible,"Central Kootenay, B.C.",5903,"Nelson (11,100)
Castlegar (8,300)","62,509
 (5%)","30,245
 (4%)","IS: Less susceptible (90th)
FS: Least susceptible (126th)
MS: Least susceptible (152nd)",,
Less susceptible,"Beauce-Sartigan, Que.",2429,"Saint-Georges (32,900)
Saint-Côme--Linière (3,300)","53,384
 (2%)","27,870
 (0%)","IS: Less susceptible (91st)
FS: Least susceptible (140th)
MS: Less susceptible (67th)",,
Less susceptible,"Rouyn-Noranda, Que.",2486,"Rouyn-Noranda (42,300)
NA","42,313
 (0%)","22,195
 (1%)","IS: Less susceptible (92nd)
FS: Least susceptible (95th)
MS: Less susceptible (47th)",,
Less susceptible,"Beauharnois-Salaberry, Que.",2470,"Salaberry-de-Valleyfield (42,800)
Beauharnois (13,600)","68,322
 (6%)","34,010
 (6%)","IS: Less susceptible (93rd)
FS: Least susceptible (109th)
MS: Less susceptible (81st)",,
Less susceptible,"Sudbury, Ont.",3552,"Espanola (5,200)
Sables-Spanish Rivers (3,200)","22,368
 (4%)","9,855
 (-3%)","IS: Less susceptible (94th)
FS: Least susceptible (55th)
MS: Least susceptible (89th)",,
Less susceptible,"Abitibi-Ouest, Que.",2487,"La Sarre (7,400)
Macamic (2,700)","20,526
 (0%)","9,700
 (3%)","IS: Less susceptible (95th)
FS: Not susceptible (216th)
MS: Less susceptible (35th)",,
Less susceptible,"Alberni-Clayoquot, B.C.",5923,"Port Alberni (18,300)
Alberni-Clayoquot E (2,900)","33,521
 (8%)","15,690
 (7%)","IS: Less susceptible (96th)
FS: Least susceptible (130th)
MS: Least susceptible (226th)",,
Less susceptible,"Huron, Ont.",3540,"South Huron (10,100)
Huron East (9,500)","61,366
 (4%)","30,370
 (-1%)","IS: Less susceptible (97th)
FS: Least susceptible (177th)
MS: Least susceptible (112th)",,
Less susceptible,"La Haute-Côte-Nord, Que.",2495,"Forestville (2,900)
Les Escoumins (1,800)","10,278
 (-5%)","4,675
 (-6%)","IS: Less susceptible (100th)
FS: Not susceptible (216th)
MS: Least susceptible (281st)",,
Less susceptible,"Minganie--Le Golfe-du-Saint-Laurent, Que.",2498,"Havre-Saint-Pierre (3,300)
Blanc-Sablon (1,100)","9,849
 (-13%)","5,090
 (-10%)","IS: Less susceptible (101st)
FS: Least susceptible (99th)
MS: Least susceptible (287th)",,
Less susceptible,"Division No.  7, Man.",4607,"Brandon (51,300)
Cornwallis (4,600)","70,896
 (3%)","37,335
 (0%)","IS: Less susceptible (103rd)
FS: Least susceptible (64th)
MS: Least susceptible (133rd)",,
Less susceptible,"Hamilton, Ont.",3525,"Hamilton (569,400)
NA","569,353
 (6%)","290,985
 (4%)","IS: Less susceptible (106th)
FS: Least susceptible (67th)
MS: Less susceptible (78th)",,
Less susceptible,"Fraser Valley, B.C.",5909,"Abbotsford (153,500)
Chilliwack (93,200)","324,005
 (10%)","164,045
 (10%)","IS: Less susceptible (108th)
FS: Least susceptible (201st)
MS: Least susceptible (202nd)",,
Less susceptible,"Gloucester, N.B.",1315,"Tracadie (16,000)
Bathurst (12,200)","78,256
 (0%)","36,045
 (-3%)","IS: Less susceptible (109th)
FS: Least susceptible (162nd)
MS: Least susceptible (201st)",,
Less susceptible,"La Haute-Yamaska, Que.",2447,"Granby (69,000)
Shefford (7,300)","92,796
 (5%)","46,395
 (4%)","IS: Less susceptible (110th)
FS: Least susceptible (200th)
MS: Less susceptible (62nd)",,
Less susceptible,"Le Saguenay-et-son-Fjord, Que.",2494,"Saguenay (144,700)
Saint-Honoré (6,400)","167,833
 (0%)","82,975
 (1%)","IS: Less susceptible (111th)
FS: Least susceptible (51st)
MS: Least susceptible (260th)",,
Less susceptible,"Chatham-Kent, Ont.",3536,"Chatham-Kent (104,000)
Moravian 47 (300)","104,316
 (2%)","49,020
 (-2%)","IS: Less susceptible (112th)
FS: Least susceptible (74th)
MS: Less susceptible (38th)",,
Less susceptible,"Montcalm, Que.",2463,"Saint-Lin--Laurentides (24,000)
Sainte-Julienne (11,200)","58,680
 (12%)","30,505
 (11%)","IS: Less susceptible (117th)
FS: Not susceptible (216th)
MS: Least susceptible (139th)",,
Less susceptible,"Division No. 14, Man.",4614,"Rockwood (8,400)
Stonewall (5,000)","19,749
 (6%)","9,695
 (-3%)","IS: Less susceptible (118th)
FS: Least susceptible (203rd)
MS: Least susceptible (103rd)",,
Less susceptible,"Manitoulin, Ont.",3551,"Wikwemikong Unceded (2,700)
Northeastern Manitoulin and the Islands (2,600)","13,935
 (5%)","5,835
 (2%)","IS: Less susceptible (120th)
FS: Not susceptible (216th)
MS: Least susceptible (206th)",,
Less susceptible,"Marguerite-D'Youville, Que.",2459,"Sainte-Julie (30,000)
Varennes (21,200)","80,313
 (4%)","45,380
 (2%)","IS: Less susceptible (121st)
FS: Least susceptible (48th)
MS: Less susceptible (57th)",,
Less susceptible,"Division No.  9, N.L.",1009,"Division No.  9, Subd. C (2,200)
St. Anthony (2,200)","14,733
 (-6%)","6,360
 (-16%)","IS: Less susceptible (123rd)
FS: Not susceptible (216th)
MS: Least susceptible (111th)",,
Less susceptible,"Division No.  5, Alta.",4805,"Strathmore (14,300)
Wheatland County (8,700)","55,784
 (0%)","26,410
 (-4%)","IS: Least susceptible (130th)
FS: Less susceptible (35th)
MS: Less susceptible (36th)",,
Less susceptible,"Timiskaming, Ont.",3554,"Temiskaming Shores (9,600)
Kirkland Lake (7,800)","31,424
 (-3%)","14,430
 (-6%)","IS: Least susceptible (132nd)
FS: Least susceptible (75th)
MS: Less susceptible (66th)",,
Less susceptible,"Fraser-Fort George, B.C.",5953,"Prince George (76,700)
Fraser-Fort George D (4,400)","96,979
 (3%)","52,075
 (-1%)","IS: Least susceptible (134th)
FS: Less susceptible (38th)
MS: Least susceptible (198th)",,
Less susceptible,"Brome-Missisquoi, Que.",2446,"Cowansville (15,200)
Bromont (11,400)","64,786
 (11%)","32,190
 (11%)","IS: Least susceptible (137th)
FS: Least susceptible (71st)
MS: Less susceptible (65th)",,
Less susceptible,"Northumberland, Ont.",3514,"Cobourg (20,500)
Port Hope (17,300)","89,365
 (4%)","41,445
 (1%)","IS: Least susceptible (138th)
FS: Least susceptible (196th)
MS: Less susceptible (64th)",,
Less susceptible,"Abitibi, Que.",2488,"Amos (12,700)
Barraute (2,000)","24,764
 (0%)","12,965
 (0%)","IS: Least susceptible (146th)
FS: Least susceptible (147th)
MS: Less susceptible (55th)",,
Less susceptible,"Lennox and Addington, Ont.",3511,"Loyalist (17,900)
Greater Napanee (16,900)","45,182
 (5%)","20,850
 (-1%)","IS: Least susceptible (152nd)
FS: Less susceptible (31st)
MS: Least susceptible (147th)",,
Less susceptible,"Vaudreuil-Soulanges, Que.",2471,"Vaudreuil-Dorion (43,300)
Saint-Lazare (22,400)","162,600
 (9%)","89,915
 (7%)","IS: Least susceptible (157th)
FS: Least susceptible (188th)
MS: Less susceptible (60th)",,
Less susceptible,"Division No.  6, Alta.",4806,"Calgary (1,306,800)
Airdrie (74,100)","1,590,639
 (6%)","882,705
 (1%)","IS: Least susceptible (163rd)
FS: Least susceptible (105th)
MS: Less susceptible (31st)",,
Less susceptible,"Prince Edward, Ont.",3513,"Prince Edward County (25,700)
NA","25,704
 (4%)","11,350
 (-2%)","IS: Least susceptible (167th)
FS: Less susceptible (36th)
MS: Least susceptible (115th)",,
Less susceptible,"Dufferin, Ont.",3522,"Orangeville (30,200)
Mono (9,400)","66,257
 (7%)","36,910
 (4%)","IS: Least susceptible (170th)
FS: Not susceptible (216th)
MS: Less susceptible (43rd)",,
Less susceptible,"Peel, Ont.",3521,"Mississauga (718,000)
Brampton (656,500)","1,451,022
 (5%)","784,815
 (4%)","IS: Least susceptible (173rd)
FS: Least susceptible (142nd)
MS: Less susceptible (80th)",,
Less susceptible,"Waterloo, Ont.",3530,"Kitchener (256,900)
Cambridge (138,500)","587,165
 (10%)","317,985
 (7%)","IS: Least susceptible (177th)
FS: Least susceptible (197th)
MS: Less susceptible (34th)",,
Less susceptible,"Division No.  3, Alta.",4803,"Willow Creek No. 26 (6,100)
Cardston County (4,900)","40,768
 (5%)","16,840
 (-1%)","IS: Least susceptible (190th)
FS: Least susceptible (56th)
MS: Less susceptible (73rd)",,
Less susceptible,"Memphrémagog, Que.",2445,"Magog (28,300)
Orford (5,000)","54,797
 (9%)","26,155
 (7%)","IS: Least susceptible (194th)
FS: Least susceptible (150th)
MS: Less susceptible (75th)",,
Less susceptible,"Division No. 11, Alta.",4811,"Edmonton (1,010,900)
Strathcona County (99,200)","1,462,041
 (7%)","793,290
 (2%)","IS: Least susceptible (195th)
FS: Least susceptible (52nd)
MS: Less susceptible (51st)",,
Less susceptible,"Pictou, N.S.",1212,"New Glasgow (9,500)
Pictou, Subd. C (8,400)","43,657
 (0%)","19,980
 (-4%)","IS: Least susceptible (201st)
FS: Less susceptible (32nd)
MS: Least susceptible (199th)",,
Less susceptible,"Deux-Montagnes, Que.",2472,"Saint-Eustache (45,300)
Sainte-Marthe-sur-le-Lac (19,800)","102,052
 (4%)","54,975
 (2%)","IS: Least susceptible (207th)
FS: Least susceptible (214th)
MS: Less susceptible (49th)",,
Less susceptible,"Mirabel, Que.",2474,"Mirabel (61,100)
NA","61,108
 (21%)","35,560
 (20%)","IS: Least susceptible (208th)
FS: Least susceptible (208th)
MS: Less susceptible (37th)",,
Less susceptible,"La Rivière-du-Nord, Que.",2475,"Saint-Jérôme (80,200)
Sainte-Sophie (18,100)","140,394
 (10%)","73,040
 (8%)","IS: Least susceptible (210th)
FS: Least susceptible (149th)
MS: Less susceptible (54th)",,
Less susceptible,"Division No.  1, N.L.",1001,"St. John's (110,500)
Conception Bay South (27,200)","271,878
 (1%)","138,105
 (-3%)","IS: Least susceptible (212th)
FS: Least susceptible (90th)
MS: Less susceptible (77th)",,
Less susceptible,"Thérèse-De Blainville, Que.",2473,"Blainville (59,800)
Boisbriand (28,300)","163,632
 (4%)","89,990
 (3%)","IS: Least susceptible (227th)
FS: Not susceptible (216th)
MS: Less susceptible (58th)",,
Less susceptible,"Simcoe, Ont.",3543,"Barrie (147,800)
New Tecumseth (43,900)","533,169
 (11%)","275,620
 (7%)","IS: Least susceptible (228th)
FS: Least susceptible (207th)
MS: Less susceptible (44th)",,
Less susceptible,"Middlesex, Ont.",3539,"London (422,300)
Strathroy-Caradoc (23,900)","500,563
 (10%)","256,120
 (7%)","IS: Least susceptible (232nd)
FS: Least susceptible (180th)
MS: Less susceptible (52nd)",,
Less susceptible,"Division No. 16, Sask.",4716,"North Battleford (13,800)
Shellbrook No. 493 (1,600)","37,993
 (0%)","17,525
 (-2%)","IS: Least susceptible (234th)
FS: Less susceptible (34th)
MS: Least susceptible (151st)",,
Less susceptible,"Greater Sudbury / Grand Sudbury, Ont.",3553,"Greater Sudbury / Grand Sudbury (166,000)
Wahnapitei 11 (100)","166,128
 (3%)","84,055
 (0%)","IS: Least susceptible (240th)
FS: Least susceptible (113th)
MS: Less susceptible (76th)",,
Less susceptible,"Division No.  4, Sask.",4704,"Maple Creek (2,200)
Shaunavon (1,800)","10,872
 (0%)","5,420
 (-3%)","IS: Least susceptible (242nd)
FS: Least susceptible (58th)
MS: Less susceptible (41st)",,
Less susceptible,"Sherbrooke, Que.",2443,"Sherbrooke (173,000)
NA","172,950
 (7%)","89,165
 (9%)","IS: Least susceptible (245th)
FS: Least susceptible (165th)
MS: Less susceptible (82nd)",,
Less susceptible,"Region 6, N.W.T.",6106,"Yellowknife (20,300)
Region 6, Unorganized (300)","20,805
 (4%)","12,705
 (-2%)","IS: Least susceptible (247th)
FS: Less susceptible (43rd)
MS: Least susceptible (191st)",,
Less susceptible,"Halton, Ont.",3524,"Oakville (213,800)
Burlington (186,900)","596,637
 (9%)","320,180
 (6%)","IS: Least susceptible (252nd)
FS: Least susceptible (136th)
MS: Less susceptible (79th)",,
Less susceptible,"Stikine, B.C.",5957,"Stikine Region (400)
Liard River 3 (100)","683
 (-8%)","355
 (-12%)","IS: Least susceptible (282nd)
FS: Not susceptible (216th)
MS: Less susceptible (70th)",,
Least susceptible,"Division No.  1, Man.",4601,"Alexander (3,900)
Lac du Bonnet (3,600)","20,114
 (8%)","8,260
 (0%)","IS: Least susceptible (124th)
FS: Not susceptible (216th)
MS: Least susceptible (188th)",,
Least susceptible,"Northumberland, N.B.",1309,"Miramichi (17,700)
Alnwick (3,600)","45,005
 (0%)","20,840
 (-3%)","IS: Least susceptible (126th)
FS: Not susceptible (216th)
MS: Least susceptible (132nd)",,
Least susceptible,"Charlevoix, Que.",2416,"Baie-Saint-Paul (7,400)
Les Éboulements (1,500)","13,371
 (3%)","6,220
 (1%)","IS: Least susceptible (127th)
FS: Not susceptible (216th)
MS: Least susceptible (136th)",,
Least susceptible,"Division No. 16, Man.",4616,"Hillsburg-Roblin-Shell River (3,100)
Russell-Binscarth (2,600)","9,945
 (1%)","4,710
 (1%)","IS: Least susceptible (128th)
FS: Least susceptible (98th)
MS: Least susceptible (182nd)",,
Least susceptible,"Queens, N.S.",1204,"Queens (10,400)
Wildcat 12 (0)","10,501
 (1%)","4,180
 (-4%)","IS: Least susceptible (131st)
FS: Not susceptible (216th)
MS: Least susceptible (218th)",,
Least susceptible,"Mékinac, Que.",2435,"Saint-Tite (3,700)
Sainte-Thècle (2,400)","12,762
 (3%)","5,590
 (4%)","IS: Least susceptible (133rd)
FS: Not susceptible (216th)
MS: Least susceptible (212th)",,
Least susceptible,"Annapolis, N.S.",1205,"Annapolis, Subd. A (6,000)
Annapolis, Subd. C (5,200)","21,252
 (3%)","9,345
 (1%)","IS: Least susceptible (136th)
FS: Not susceptible (216th)
MS: Least susceptible (192nd)",,
Least susceptible,"Comox Valley, B.C.",5926,"Courtenay (28,400)
Comox (14,800)","72,445
 (9%)","34,115
 (7%)","IS: Least susceptible (140th)
FS: Least susceptible (183rd)
MS: Least susceptible (184th)",,
Least susceptible,"Queens, N.B.",1304,"Minto (2,200)
Chipman (1,200)","10,998
 (5%)","4,670
 (1%)","IS: Least susceptible (141st)
FS: Least susceptible (117th)
MS: Least susceptible (227th)",,
Least susceptible,"Division No.  5, Man.",4605,"Killarney - Turtle Mountain (3,500)
Boissevain-Morton (2,300)","13,326
 (1%)","6,475
 (-5%)","IS: Least susceptible (142nd)
FS: Least susceptible (68th)
MS: Least susceptible (117th)",,
Least susceptible,"Grey, Ont.",3542,"Owen Sound (21,600)
West Grey (13,100)","100,905
 (8%)","48,135
 (1%)","IS: Least susceptible (143rd)
FS: Not susceptible (216th)
MS: Least susceptible (150th)",,
Least susceptible,"Division No.  4, N.L.",1004,"Stephenville (6,500)
Kippens (1,800)","19,253
 (-6%)","7,370
 (-10%)","IS: Least susceptible (145th)
FS: Not susceptible (216th)
MS: Least susceptible (178th)",,
Least susceptible,"Bonaventure, Que.",2405,"New Richmond (3,700)
Paspébiac (3,000)","17,557
 (-1%)","7,925
 (-2%)","IS: Least susceptible (147th)
FS: Least susceptible (145th)
MS: Least susceptible (268th)",,
Least susceptible,"Division No. 13, Man.",4613,"St. Andrews (11,700)
St. Clements (11,600)","51,643
 (5%)","26,770
 (1%)","IS: Least susceptible (148th)
FS: Least susceptible (131st)
MS: Least susceptible (156th)",,
Least susceptible,"Division No. 20, Man.",4620,"Swan River (4,000)
Swan Valley West (2,800)","9,634
 (0%)","4,615
 (-6%)","IS: Least susceptible (150th)
FS: Not susceptible (216th)
MS: Least susceptible (236th)",,
Least susceptible,"Region 5, N.W.T.",6105,"Hay River (3,200)
Fort Smith (2,200)","6,279
 (-10%)","3,395
 (-11%)","IS: Least susceptible (151st)
FS: Not susceptible (216th)
MS: Least susceptible (205th)",,
Least susceptible,"Niagara, Ont.",3526,"St. Catharines (136,800)
Niagara Falls (94,400)","477,941
 (7%)","233,560
 (3%)","IS: Least susceptible (153rd)
FS: Least susceptible (138th)
MS: Least susceptible (97th)",,
Least susceptible,"Division No.  9, Sask.",4709,"Yorkton (16,300)
Canora (2,100)","36,047
 (1%)","17,465
 (-4%)","IS: Least susceptible (154th)
FS: Least susceptible (106th)
MS: Least susceptible (223rd)",,
Least susceptible,"Matawinie, Que.",2462,"Rawdon (11,700)
Saint-Félix-de-Valois (7,000)","55,500
 (10%)","24,890
 (12%)","IS: Least susceptible (155th)
FS: Not susceptible (216th)
MS: Least susceptible (207th)",,
Least susceptible,"Stormont, Dundas and Glengarry, Ont.",3501,"Cornwall (47,800)
South Stormont (13,600)","114,637
 (1%)","54,320
 (-2%)","IS: Least susceptible (156th)
FS: Least susceptible (128th)
MS: Least susceptible (215th)",,
Least susceptible,"Division No. 10, Sask.",4710,"Wynyard (1,700)
Wadena (1,300)","16,483
 (0%)","7,595
 (-5%)","IS: Least susceptible (158th)
FS: Least susceptible (157th)
MS: Least susceptible (176th)",,
Least susceptible,"Hants, N.S.",1208,"East Hants (22,900)
West Hants (19,500)","45,140
 (6%)","22,595
 (4%)","IS: Least susceptible (159th)
FS: Least susceptible (129th)
MS: Least susceptible (93rd)",,
Least susceptible,"Division No. 12, Man.",4612,"Springfield (16,100)
Brokenhead (5,400)","24,863
 (5%)","13,200
 (0%)","IS: Least susceptible (162nd)
FS: Least susceptible (212th)
MS: Least susceptible (121st)",,
Least susceptible,"Division No.  5, Sask.",4705,"Melville (4,500)
Moosomin (2,700)","31,583
 (0%)","15,935
 (-4%)","IS: Least susceptible (164th)
FS: Least susceptible (61st)
MS: Least susceptible (118th)",,
Least susceptible,"Division No. 12, Sask.",4712,"Battleford (4,400)
Vanscoy No. 345 (2,800)","23,208
 (-3%)","11,175
 (-10%)","IS: Least susceptible (165th)
FS: Least susceptible (77th)
MS: Least susceptible (142nd)",,
Least susceptible,"Antoine-Labelle, Que.",2479,"Mont-Laurier (14,200)
Rivière-Rouge (4,600)","36,462
 (4%)","15,975
 (5%)","IS: Least susceptible (166th)
FS: Not susceptible (216th)
MS: Least susceptible (241st)",,
Least susceptible,"Shawinigan, Que.",2436,"Shawinigan (49,600)
NA","49,620
 (0%)","21,555
 (0%)","IS: Least susceptible (168th)
FS: Not susceptible (216th)
MS: Least susceptible (94th)",,
Least susceptible,"Hastings, Ont.",3512,"Belleville (55,100)
Quinte West (46,600)","145,746
 (7%)","67,035
 (3%)","IS: Least susceptible (169th)
FS: Least susceptible (170th)
MS: Least susceptible (92nd)",,
Least susceptible,"Joliette, Que.",2461,"Joliette (21,400)
Saint-Charles-Borromée (15,300)","71,124
 (7%)","33,110
 (5%)","IS: Least susceptible (171st)
FS: Least susceptible (82nd)
MS: Least susceptible (196th)",,
Least susceptible,"Columbia-Shuswap, B.C.",5939,"Salmon Arm (19,400)
Columbia-Shuswap C (8,900)","57,021
 (11%)","27,930
 (10%)","IS: Least susceptible (172nd)
FS: Least susceptible (193rd)
MS: Least susceptible (120th)",,
Least susceptible,"Cowichan Valley, B.C.",5919,"North Cowichan (32,000)
Cowichan Valley B (9,000)","89,013
 (6%)","41,305
 (3%)","IS: Least susceptible (174th)
FS: Least susceptible (115th)
MS: Least susceptible (203rd)",,
Least susceptible,"Kitikmeot, Nvt.",6208,"Cambridge Bay (1,800)
Kugluktuk (1,400)","6,458
 (-1%)","2,325
 (-19%)","IS: Least susceptible (176th)
FS: Least susceptible (60th)
MS: Least susceptible (269th)",,
Least susceptible,"Nanaimo, B.C.",5921,"Nanaimo (99,900)
Parksville (13,600)","170,367
 (9%)","78,985
 (9%)","IS: Least susceptible (178th)
FS: Least susceptible (141st)
MS: Least susceptible (247th)",,
Least susceptible,"Division No.  7, Sask.",4707,"Moose Jaw (33,700)
Moose Jaw No. 161 (1,200)","47,413
 (0%)","23,540
 (-5%)","IS: Least susceptible (179th)
FS: Least susceptible (100th)
MS: Least susceptible (140th)",,
Least susceptible,"Skeena-Queen Charlotte, B.C.",5947,"Prince Rupert (12,300)
Queen Charlotte (1,000)","18,181
 (0%)","9,645
 (-1%)","IS: Least susceptible (180th)
FS: Least susceptible (111th)
MS: Least susceptible (270th)",,
Least susceptible,"Francheville, Que.",2437,"Trois-Rivières (139,200)
Notre-Dame-du-Mont-Carmel (6,100)","158,343
 (4%)","76,415
 (3%)","IS: Least susceptible (181st)
FS: Least susceptible (134th)
MS: Least susceptible (213th)",,
Least susceptible,"Sunshine Coast, B.C.",5929,"Sechelt (10,800)
Gibsons (4,800)","32,170
 (7%)","15,010
 (4%)","IS: Least susceptible (182nd)
FS: Least susceptible (89th)
MS: Least susceptible (249th)",,
Least susceptible,"Bruce, Ont.",3541,"Saugeen Shores (15,900)
Kincardine (12,300)","73,396
 (8%)","34,650
 (3%)","IS: Least susceptible (183rd)
FS: Least susceptible (184th)
MS: Least susceptible (239th)",,
Least susceptible,"Lunenburg, N.S.",1206,"Lunenburg (25,500)
Chester (10,700)","48,599
 (3%)","22,230
 (-2%)","IS: Least susceptible (184th)
FS: Least susceptible (192nd)
MS: Least susceptible (130th)",,
Least susceptible,"Avignon, Que.",2406,"Carleton-sur-Mer (4,100)
Maria (2,800)","13,415
 (-7%)","6,080
 (-4%)","IS: Least susceptible (185th)
FS: Not susceptible (216th)
MS: Least susceptible (279th)",,
Least susceptible,"Charlevoix-Est, Que.",2415,"La Malbaie (8,200)
Clermont (3,100)","15,409
 (-1%)","7,120
 (-3%)","IS: Least susceptible (186th)
FS: Not susceptible (216th)
MS: Least susceptible (106th)",,
Least susceptible,"Cochrane, Ont.",3556,"Timmins (41,100)
Kapuskasing (8,100)","77,963
 (-2%)","37,475
 (-6%)","IS: Least susceptible (187th)
FS: Least susceptible (81st)
MS: Least susceptible (88th)",,
Least susceptible,"Yarmouth, N.S.",1202,"Yarmouth (10,100)
Argyle (7,900)","24,947
 (2%)","12,060
 (-3%)","IS: Least susceptible (189th)
FS: Not susceptible (216th)
MS: Least susceptible (137th)",,
Least susceptible,"Nord-du-Québec, Que.",2499,"Chibougamau (7,200)
Chisasibi (5,000)","45,740
 (3%)","20,615
 (-4%)","IS: Least susceptible (191st)
FS: Least susceptible (53rd)
MS: Least susceptible (145th)",,
Least susceptible,"North Okanagan, B.C.",5937,"Vernon (44,500)
Coldstream (11,200)","91,610
 (9%)","43,435
 (7%)","IS: Least susceptible (192nd)
FS: Least susceptible (144th)
MS: Least susceptible (153rd)",,
Least susceptible,"Inverness, N.S.",1215,"Inverness, Subd. A (5,200)
Inverness, Subd. B (4,900)","17,346
 (1%)","8,020
 (-2%)","IS: Least susceptible (193rd)
FS: Not susceptible (216th)
MS: Least susceptible (124th)",,
Least susceptible,"La Vallée-de-la-Gatineau, Que.",2483,"Maniwaki (3,800)
Gracefield (2,400)","20,547
 (2%)","9,135
 (1%)","IS: Least susceptible (196th)
FS: Not susceptible (216th)
MS: Least susceptible (242nd)",,
Least susceptible,"Le Haut-Richelieu, Que.",2456,"Saint-Jean-sur-Richelieu (97,900)
Mont-Saint-Grégoire (3,100)","121,277
 (3%)","63,515
 (2%)","IS: Least susceptible (197th)
FS: Least susceptible (187th)
MS: Least susceptible (134th)",,
Least susceptible,"Colchester, N.S.",1210,"Colchester, Subd. B (19,800)
Truro (13,000)","51,476
 (2%)","25,115
 (-1%)","IS: Least susceptible (198th)
FS: Least susceptible (92nd)
MS: Least susceptible (230th)",,
Least susceptible,"Rainy River, Ont.",3559,"Fort Frances (7,500)
Atikokan (2,600)","19,437
 (-3%)","9,180
 (-5%)","IS: Least susceptible (199th)
FS: Least susceptible (63rd)
MS: Least susceptible (235th)",,
Least susceptible,"Division No. 21, Man.",4621,"The Pas (5,600)
Flin Flon (Part) (4,900)","21,871
 (0%)","9,630
 (-3%)","IS: Least susceptible (200th)
FS: Least susceptible (72nd)
MS: Least susceptible (220th)",,
Least susceptible,"Kawartha Lakes, Ont.",3516,"Kawartha Lakes (79,200)
NA","79,247
 (5%)","36,495
 (1%)","IS: Least susceptible (202nd)
FS: Not susceptible (216th)
MS: Least susceptible (165th)",,
Least susceptible,"Division No. 14, Sask.",4714,"Melfort (6,000)
Nipawin (4,600)","35,428
 (-2%)","17,155
 (-5%)","IS: Least susceptible (203rd)
FS: Least susceptible (151st)
MS: Least susceptible (179th)",,
Least susceptible,"Papineau, Que.",2480,"Saint-André-Avellin (3,600)
Thurso (3,100)","24,308
 (6%)","11,050
 (6%)","IS: Least susceptible (204th)
FS: Least susceptible (93rd)
MS: Least susceptible (259th)",,
Least susceptible,"Kenora, Ont.",3560,"Kenora (15,000)
Kenora, Unorganized (7,500)","66,000
 (1%)","29,250
 (-4%)","IS: Least susceptible (205th)
FS: Least susceptible (49th)
MS: Least susceptible (237th)",,
Least susceptible,"Division No. 18, Man.",4618,"Gimli (6,600)
Bifrost-Riverton (3,300)","26,636
 (10%)","11,355
 (4%)","IS: Least susceptible (206th)
FS: Least susceptible (76th)
MS: Least susceptible (233rd)",,
Least susceptible,"Roussillon, Que.",2467,"Châteauguay (50,800)
Saint-Constant (30,000)","185,568
 (8%)","100,835
 (6%)","IS: Least susceptible (209th)
FS: Least susceptible (91st)
MS: Least susceptible (95th)",,
Least susceptible,"Victoria, N.S.",1218,"Victoria, Subd. B (4,100)
Victoria, Subd. A (2,700)","7,441
 (5%)","3,330
 (-3%)","IS: Least susceptible (211th)
FS: Not susceptible (216th)
MS: Least susceptible (171st)",,
Least susceptible,"Leeds and Grenville, Ont.",3507,"Brockville (22,100)
North Grenville (18,000)","104,070
 (4%)","50,640
 (0%)","IS: Least susceptible (213th)
FS: Least susceptible (110th)
MS: Least susceptible (110th)",,
Least susceptible,"La Vallée-du-Richelieu, Que.",2457,"Chambly (31,400)
Beloeil (24,100)","131,803
 (6%)","73,640
 (5%)","IS: Least susceptible (214th)
FS: Not susceptible (216th)
MS: Least susceptible (86th)",,
Least susceptible,"Division No.  5, N.L.",1005,"Corner Brook (19,300)
Deer Lake (4,900)","40,396
 (-4%)","18,535
 (-8%)","IS: Least susceptible (215th)
FS: Least susceptible (152nd)
MS: Least susceptible (187th)",,
Least susceptible,"Kings, N.S.",1207,"Kings, Subd. A (22,400)
Kings, Subd. B (12,000)","62,914
 (4%)","30,310
 (0%)","IS: Least susceptible (216th)
FS: Least susceptible (161st)
MS: Least susceptible (258th)",,
Least susceptible,"Prescott and Russell, Ont.",3502,"Clarence-Rockland (26,500)
Russell (19,600)","95,639
 (7%)","49,990
 (4%)","IS: Least susceptible (218th)
FS: Least susceptible (137th)
MS: Least susceptible (216th)",,
Least susceptible,"Region 3, N.W.T.",6103,"Behchokò (1,700)
Whatì (500)","2,650
 (-4%)","1,030
 (5%)","IS: Least susceptible (219th)
FS: Not susceptible (216th)
MS: Least susceptible (214th)",,
Least susceptible,"Division No.  4, Man.",4604,"Lorne (2,900)
Pembina (2,400)","9,665
 (-3%)","4,535
 (-4%)","IS: Least susceptible (220th)
FS: Not susceptible (216th)
MS: Least susceptible (127th)",,
Least susceptible,"Lévis, Que.",2425,"Lévis (149,700)
NA","149,683
 (4%)","82,795
 (3%)","IS: Least susceptible (221st)
FS: Least susceptible (69th)
MS: Least susceptible (113th)",,
Least susceptible,"Parry Sound, Ont.",3549,"Parry Sound (6,900)
Seguin (5,300)","46,909
 (10%)","20,715
 (3%)","IS: Least susceptible (223rd)
FS: Not susceptible (216th)
MS: Least susceptible (109th)",,
Least susceptible,"Queens, P.E.I.",1102,"Charlottetown (38,800)
Stratford (10,900)","89,770
 (10%)","49,295
 (10%)","IS: Least susceptible (224th)
FS: Least susceptible (213th)
MS: Least susceptible (149th)",,
Least susceptible,"L'Assomption, Que.",2460,"Repentigny (86,100)
L'Assomption (23,400)","128,087
 (3%)","67,140
 (0%)","IS: Least susceptible (225th)
FS: Not susceptible (216th)
MS: Least susceptible (129th)",,
Least susceptible,"Pontiac, Que.",2484,"Mansfield-et-Pontefract (2,200)
Shawville (1,700)","14,764
 (4%)","6,295
 (0%)","IS: Least susceptible (226th)
FS: Not susceptible (216th)
MS: Least susceptible (146th)",,
Least susceptible,"La Côte-de-Gaspé, Que.",2403,"Gaspé (15,100)
Grande-Vallée (1,100)","17,547
 (2%)","8,405
 (0%)","IS: Least susceptible (229th)
FS: Not susceptible (216th)
MS: Least susceptible (248th)",,
Least susceptible,"Les Moulins, Que.",2464,"Terrebonne (119,900)
Mascouche (51,200)","171,127
 (8%)","94,270
 (5%)","IS: Least susceptible (230th)
FS: Least susceptible (194th)
MS: Least susceptible (99th)",,
Least susceptible,"Okanagan-Similkameen, B.C.",5907,"Penticton (36,900)
Summerland (12,000)","90,178
 (9%)","40,575
 (6%)","IS: Least susceptible (231st)
FS: Least susceptible (135th)
MS: Least susceptible (190th)",,
Least susceptible,"Westmorland, N.B.",1307,"Moncton (79,500)
Dieppe (28,100)","163,576
 (9%)","86,715
 (7%)","IS: Least susceptible (235th)
FS: Least susceptible (164th)
MS: Least susceptible (211th)",,
Least susceptible,"La Haute-Gaspésie, Que.",2404,"Sainte-Anne-des-Monts (6,100)
Cap-Chat (2,500)","10,950
 (-3%)","4,380
 (-6%)","IS: Least susceptible (236th)
FS: Not susceptible (216th)
MS: Least susceptible (255th)",,
Least susceptible,"Thompson-Nicola, B.C.",5933,"Kamloops (97,900)
Merritt (7,100)","143,680
 (8%)","71,385
 (6%)","IS: Least susceptible (237th)
FS: Least susceptible (124th)
MS: Least susceptible (155th)",,
Least susceptible,"Qikiqtaaluk, Nvt.",6204,"Iqaluit (7,400)
Igloolik (2,000)","19,355
 (2%)","7,935
 (-11%)","IS: Least susceptible (238th)
FS: Least susceptible (59th)
MS: Least susceptible (285th)",,
Least susceptible,"Division No. 11, Sask.",4711,"Saskatoon (266,100)
Warman (12,400)","326,109
 (8%)","176,255
 (3%)","IS: Least susceptible (239th)
FS: Least susceptible (80th)
MS: Least susceptible (154th)",,
Least susceptible,"Division No. 11, Man.",4611,"Winnipeg (749,600)
Headingley (4,300)","753,938
 (6%)","404,415
 (5%)","IS: Least susceptible (241st)
FS: Least susceptible (139th)
MS: Least susceptible (119th)",,
Least susceptible,"Division No.  6, Sask.",4706,"Regina (226,400)
Edenwold No. 158 (4,500)","276,564
 (5%)","147,330
 (0%)","IS: Least susceptible (243rd)
FS: Least susceptible (57th)
MS: Least susceptible (162nd)",,
Least susceptible,"Division No. 19, Man.",4619,"Peguis 1B (3,100)
Division No. 19, Unorganized (2,800)","15,381
 (-6%)","4,195
 (-14%)","IS: Least susceptible (244th)
FS: Not susceptible (216th)
MS: Least susceptible (251st)",,
Least susceptible,"Thunder Bay, Ont.",3558,"Thunder Bay (108,800)
Thunder Bay, Unorganized (6,200)","146,862
 (1%)","70,925
 (-3%)","IS: Least susceptible (246th)
FS: Least susceptible (96th)
MS: Least susceptible (164th)",,
Least susceptible,"Laval, Que.",2465,"Laval (438,400)
NA","438,366
 (4%)","232,550
 (4%)","IS: Least susceptible (248th)
FS: Least susceptible (215th)
MS: Least susceptible (96th)",,
Least susceptible,"Division No. 10, Man.",4610,"Macdonald (8,100)
Cartier (3,300)","12,913
 (8%)","6,610
 (8%)","IS: Least susceptible (249th)
FS: Not susceptible (216th)
MS: Least susceptible (194th)",,
Least susceptible,"Central Coast, B.C.",5945,"Bella Bella 1 (1,200)
Bella Coola 1 (900)","3,582
 (8%)","1,590
 (5%)","IS: Least susceptible (250th)
FS: Not susceptible (216th)
MS: Not susceptible (290th)",,
Least susceptible,"Division No. 18, Sask.",4718,"La Ronge (2,500)
La Loche (2,500)","35,986
 (-3%)","11,140
 (-10%)","IS: Least susceptible (251st)
FS: Least susceptible (88th)
MS: Least susceptible (108th)",,
Least susceptible,"Albert, N.B.",1306,"Riverview (20,600)
Coverdale (4,800)","30,749
 (6%)","16,005
 (0%)","IS: Least susceptible (253rd)
FS: Not susceptible (216th)
MS: Least susceptible (172nd)",,
Least susceptible,"Division No. 15, Sask.",4715,"Prince Albert (37,800)
Humboldt (6,000)","88,988
 (4%)","41,495
 (-2%)","IS: Least susceptible (254th)
FS: Least susceptible (190th)
MS: Least susceptible (181st)",,
Least susceptible,"Muskoka, Ont.",3544,"Huntsville (21,100)
Bracebridge (17,300)","66,674
 (10%)","32,590
 (7%)","IS: Least susceptible (255th)
FS: Least susceptible (174th)
MS: Least susceptible (197th)",,
Least susceptible,"Les Pays-d'en-Haut, Que.",2477,"Sainte-Adèle (14,000)
Saint-Sauveur (11,600)","46,906
 (12%)","23,195
 (11%)","IS: Least susceptible (256th)
FS: Not susceptible (216th)
MS: Least susceptible (85th)",,
Least susceptible,"Division No. 11, N.L.",1011,"Nain (800)
Hopedale (600)","2,323
 (-9%)","935
 (-19%)","IS: Least susceptible (257th)
FS: Not susceptible (216th)
MS: Least susceptible (200th)",,
Least susceptible,"Longueuil, Que.",2458,"Longueuil (254,500)
Brossard (91,500)","436,785
 (5%)","228,530
 (5%)","IS: Least susceptible (258th)
FS: Least susceptible (211th)
MS: Least susceptible (107th)",,
Least susceptible,"La Côte-de-Beaupré, Que.",2421,"Boischatel (8,200)
Château-Richer (4,400)","30,240
 (7%)","15,825
 (5%)","IS: Least susceptible (259th)
FS: Least susceptible (168th)
MS: Least susceptible (264th)",,
Least susceptible,"Peterborough, Ont.",3515,"Peterborough (83,700)
Selwyn (18,700)","147,681
 (7%)","70,270
 (3%)","IS: Least susceptible (260th)
FS: Least susceptible (195th)
MS: Least susceptible (221st)",,
Least susceptible,"Durham, Ont.",3518,"Oshawa (175,400)
Whitby (138,500)","696,992
 (8%)","367,510
 (4%)","IS: Least susceptible (261st)
FS: Least susceptible (123rd)
MS: Least susceptible (123rd)",,
Least susceptible,"Central Okanagan, B.C.",5935,"Kelowna (144,600)
West Kelowna (36,100)","222,162
 (14%)","119,495
 (15%)","IS: Least susceptible (262nd)
FS: Not susceptible (216th)
MS: Least susceptible (168th)",,
Least susceptible,"Division No. 22, Man.",4622,"Thompson (13,000)
Norway House 17 (5,400)","42,226
 (0%)","15,045
 (-3%)","IS: Least susceptible (263rd)
FS: Least susceptible (172nd)
MS: Least susceptible (245th)",,
Least susceptible,"Nipissing, Ont.",3548,"North Bay (52,700)
West Nipissing / Nipissing Ouest (14,600)","84,716
 (2%)","39,405
 (-1%)","IS: Least susceptible (264th)
FS: Least susceptible (206th)
MS: Least susceptible (100th)",,
Least susceptible,"Lanark, Ont.",3509,"Mississippi Mills (14,700)
Carleton Place (12,500)","75,760
 (10%)","37,155
 (6%)","IS: Least susceptible (265th)
FS: Least susceptible (209th)
MS: Least susceptible (222nd)",,
Least susceptible,"Antigonish, N.S.",1214,"Antigonish, Subd. A (9,000)
Antigonish, Subd. B (6,100)","20,129
 (4%)","10,165
 (1%)","IS: Least susceptible (266th)
FS: Not susceptible (216th)
MS: Least susceptible (229th)",,
Least susceptible,"Greater Vancouver, B.C.",5915,"Vancouver (662,200)
Surrey (568,300)","2,642,825
 (7%)","1,468,225
 (8%)","IS: Least susceptible (267th)
FS: Least susceptible (169th)
MS: Least susceptible (224th)",,
Least susceptible,"Renfrew, Ont.",3547,"Petawawa (18,200)
Pembroke (14,400)","106,365
 (4%)","49,955
 (-1%)","IS: Least susceptible (268th)
FS: Least susceptible (158th)
MS: Least susceptible (144th)",,
Least susceptible,"Haliburton, Ont.",3546,"Dysart et al (7,200)
Minden Hills (7,000)","20,571
 (14%)","8,585
 (9%)","IS: Least susceptible (269th)
FS: Not susceptible (216th)
MS: Least susceptible (265th)",,
Least susceptible,"Rimouski-Neigette, Que.",2410,"Rimouski (48,900)
Saint-Anaclet-de-Lessard (3,000)","57,191
 (1%)","27,935
 (-1%)","IS: Least susceptible (270th)
FS: Least susceptible (167th)
MS: Least susceptible (274th)",,
Least susceptible,"Montréal, Que.",2466,"Montréal (1,762,900)
Dollard-Des Ormeaux (48,400)","2,004,265
 (3%)","1,081,640
 (6%)","IS: Least susceptible (271st)
FS: Least susceptible (163rd)
MS: Least susceptible (143rd)",,
Least susceptible,"Region 4, N.W.T.",6104,"Fort Simpson (1,100)
Fort Providence (600)","2,872
 (-9%)","1,375
 (-16%)","IS: Least susceptible (272nd)
FS: Not susceptible (216th)
MS: Least susceptible (240th)",,
Least susceptible,"Squamish-Lillooet, B.C.",5931,"Squamish (23,800)
Whistler (14,000)","50,496
 (18%)","31,135
 (20%)","IS: Least susceptible (273rd)
FS: Not susceptible (216th)
MS: Least susceptible (243rd)",,
Least susceptible,"Les Laurentides, Que.",2478,"Sainte-Agathe-des-Monts (11,200)
Mont-Tremblant (11,000)","50,777
 (11%)","24,755
 (9%)","IS: Least susceptible (274th)
FS: Not susceptible (216th)
MS: Least susceptible (238th)",,
Least susceptible,"York, Ont.",3519,"Markham (338,500)
Vaughan (323,100)","1,173,334
 (6%)","622,425
 (3%)","IS: Least susceptible (275th)
FS: Least susceptible (178th)
MS: Least susceptible (91st)",,
Least susceptible,"Division No.  6, N.L.",1006,"Grand Falls-Windsor (13,900)
Gander (11,900)","37,339
 (-3%)","16,885
 (-5%)","IS: Least susceptible (276th)
FS: Not susceptible (216th)
MS: Least susceptible (102nd)",,
Least susceptible,"Les Collines-de-l'Outaouais, Que.",2482,"Val-des-Monts (13,300)
Cantley (11,400)","54,498
 (11%)","30,255
 (9%)","IS: Least susceptible (277th)
FS: Not susceptible (216th)
MS: Least susceptible (277th)",,
Least susceptible,"Yukon, Y.T.",6001,"Whitehorse (28,200)
Dawson (1,600)","40,232
 (12%)","23,515
 (8%)","IS: Least susceptible (278th)
FS: Least susceptible (121st)
MS: Least susceptible (177th)",,
Least susceptible,"Region 1, N.W.T.",6101,"Inuvik (3,100)
Tuktoyaktuk (900)","6,205
 (-3%)","2,895
 (-10%)","IS: Least susceptible (280th)
FS: Least susceptible (97th)
MS: Least susceptible (278th)",,
Least susceptible,"La Jacques-Cartier, Que.",2422,"Stoneham-et-Tewkesbury (9,700)
Sainte-Brigitte-de-Laval (8,500)","47,813
 (10%)","27,125
 (10%)","IS: Least susceptible (281st)
FS: Least susceptible (148th)
MS: Least susceptible (257th)",,
Least susceptible,"Capital, B.C.",5917,"Saanich (117,700)
Victoria (91,900)","415,451
 (8%)","223,285
 (8%)","IS: Least susceptible (283rd)
FS: Least susceptible (204th)
MS: Least susceptible (219th)",,
Least susceptible,"Halifax, N.S.",1209,"Halifax (439,800)
Cole Harbour 30 (200)","440,072
 (9%)","242,765
 (7%)","IS: Least susceptible (284th)
FS: Least susceptible (122nd)
MS: Least susceptible (157th)",,
Least susceptible,"York, N.B.",1310,"Fredericton (63,100)
Douglas (5,900)","105,261
 (6%)","56,220
 (6%)","IS: Least susceptible (285th)
FS: Least susceptible (127th)
MS: Least susceptible (271st)",,
Least susceptible,"Toronto, Ont.",3520,"Toronto (2,794,400)
NA","2,794,356
 (2%)","1,518,415
 (2%)","IS: Least susceptible (286th)
FS: Least susceptible (186th)
MS: Least susceptible (169th)",,
Least susceptible,"Québec, Que.",2423,"Québec (549,500)
Saint-Augustin-de-Desmaures (19,900)","588,777
 (3%)","314,235
 (2%)","IS: Least susceptible (287th)
FS: Least susceptible (202nd)
MS: Least susceptible (246th)",,
Least susceptible,"Division No. 17, Man.",4617,"Dauphin (8,400)
Dauphin (2,100)","21,996
 (-1%)","9,825
 (-3%)","IS: Least susceptible (288th)
FS: Not susceptible (216th)
MS: Least susceptible (209th)",,
Least susceptible,"L'Île-d'Orléans, Que.",2420,"Saint-Pierre-de-l'Île-d'Orléans (1,700)
Saint-Laurent-de-l'Île-d'Orléans (1,600)","6,817
 (-4%)","3,530
 (-2%)","IS: Least susceptible (289th)
FS: Not susceptible (216th)
MS: Not susceptible (290th)",,
Least susceptible,"Sunbury, N.B.",1303,"Oromocto (9,000)
Lincoln (7,500)","27,864
 (1%)","14,800
 (-1%)","IS: Least susceptible (290th)
FS: Least susceptible (166th)
MS: Least susceptible (276th)",,
Least susceptible,"Frontenac, Ont.",3510,"Kingston (132,500)
South Frontenac (20,200)","161,780
 (8%)","81,370
 (5%)","IS: Least susceptible (291st)
FS: Least susceptible (154th)
MS: Least susceptible (195th)",,
Least susceptible,"Gatineau, Que.",2481,"Gatineau (291,000)
NA","291,041
 (5%)","155,310
 (3%)","IS: Least susceptible (292nd)
FS: Least susceptible (191st)
MS: Least susceptible (283rd)",,
Least susceptible,"Ottawa, Ont.",3506,"Ottawa (1,017,400)
NA","1,017,449
 (9%)","549,985
 (7%)","IS: Least susceptible (293rd)
FS: Least susceptible (210th)
MS: Least susceptible (261st)",,
